,0,1,2,3,4,5,6,7,8,9,10,11
0,1,02HI20010000225,Himachal Pradesh,2001-02,Kullu,Rishi Cold Storage,Kullu,0.0,2.72,NHB,Completed,COLD / CA STORAGECOLD STORAGE0272.00MT
1,2,02HI20020000226,Himachal Pradesh,2002-03,Una,Bharat Cold Storage & Ice Factory,Una (HP),0.0,3.49,NHB,Completed,COLD / CA STORAGECOLD STORAGE0349.00MT
2,3,02AHP0001750,Himachal Pradesh,2006-07,Kangra,The Nurpur Grower Coop and Marketing Society Jassu,Jassur Distt Tehsil Nurpur Distt. Kangra (HP),1.89,0.28,NHB,Completed,POST HARVEST INFRASTRUCTUREGRADING PACKING UNIT1200.00BOX
3,4,02AHP0000099,Himachal Pradesh,2007-08,Shimla,Krishan Lal.,"Vill-Chamain P.O. Kalbol Tehsil-Kotkhal, Distt-Shimla",20.0,3.08,NHB,Completed,POST HARVEST INFRASTRUCTUREGRADING PACKING UNIT01200.00BOX
4,5,02AHP0001723,Himachal Pradesh,2007-08,Shimla,Rajesh Chauhan S/O Paras Ram,Vill Chalintidhar PO Chalintidhar,12.0,1.65,NHB,Completed,POST HARVEST INFRASTRUCTUREGRADING PACKING UNIT01200.00BOX
5,6,02AHP0000748,Himachal Pradesh,2010-11,Shimla,Sh Parkash Chand S/o Sh Hira Singh,"VPO, Samoli",20.0,4.0,NHB,Completed,POST HARVEST INFRASTRUCTUREGRADING PACKING UNIT01200.00BOX
6,7,02AHP0000615,Himachal Pradesh,2010-11,Shimla,sh. Kalyan Singh S/o Sh. Murki Lal,"Village Sarass P.O. Khagtari, Teh Rohru Distt. Shimla",20.0,3.7,NHB,Completed,POST HARVEST INFRASTRUCTUREGRADING PACKING UNITNA200.00BOX
7,8,02AHP0001267,Himachal Pradesh,2010-11,Shimla,Bann Lal Derta S/O Nika Ram,Vill Baghal PO Kiarvi Teh Kotkhai Distt Shimla,19.95,4.0,NHB,Completed,POST HARVEST INFRASTRUCTUREGRADING PACKING UNIT01200.00BOX
8,9,02AHP0000581,Himachal Pradesh,2010-11,Shimla,Mr.Sh Nand LalAlias Sunil,"VPO Kaina , Tehsil Jubble Distt Shimla",20.0,2.68,NHB,Completed,POST HARVEST INFRASTRUCTUREGRADING PACKING UNITNA200.00BOX
9,10,02AHP0001553,Himachal Pradesh,2010-11,Shimla,Pyare Lal Dogra S/O Amin Chand,Vill Vikas Nagar PO Kotbag Teh kotkhai Distt Shimla,19.0,2.8,NHB,Completed,POST HARVEST INFRASTRUCTUREGRADING PACKING UNIT01200.00BOX
10,11,02AHP0000673,Himachal Pradesh,2010-11,Shimla,Sh. Ved Prakash S/o Sh. Bhagat Ram,Village Kiarvi P.O. Kairvi Tehsil Kotkhai Distt Shimla,19.92,4.0,NHB,Completed,POST HARVEST INFRASTRUCTUREGRADING PACKING UNITNA200.00BOX
11,12,02AHP0001373,Himachal Pradesh,2012-13,Shimla,Gain Chand S/O Daulat Ram,Vill Kharota PO Ratnari Teh Kotkhai Distt Shimla,19.0,2.51,NHB,Completed,POST HARVEST INFRASTRUCTUREGRADING PACKING UNIT01200.00BOX
12,13,02AHP0000688,Himachal Pradesh,2012-13,Shimla,Pardeep Singh,"VPO,Sheel Tehsil Rohru Distt Shimla",20.0,4.0,NHB,Completed,POST HARVEST INFRASTRUCTUREGRADING PACKING UNIT01200.00BOX
13,14,02AHP0002206,Himachal Pradesh,2012-13,Shimla,Parkash Chand S/O Tula Ram,Vill Baohal PO Dochi Teh Jubbal Distt Shimla,10.0,1.54,NHB,Completed,POST HARVEST INFRASTRUCTUREGRADING PACKING UNIT01200.00BOX
14,15,02AHP0001374,Himachal Pradesh,2012-13,Shimla,Sohan Singh S/O Haro Ram,Vill Berly PO Dhar Teh Jubbal Distt Shimla,20.0,2.58,NHB,Completed,POST HARVEST INFRASTRUCTUREGRADING PACKING UNIT01200.00BOX
15,16,02AHP0000804,Himachal Pradesh,2012-13,Shimla,Lal Singh Mehta,Village Khaneti P.O. Batari Tehsil Kumarsain Distt. Shimla,20.0,2.93,NHB,Completed,POST HARVEST INFRASTRUCTUREGRADING PACKING UNIT01200.00BOX
16,17,02AHP0CS000001,Himachal Pradesh,2013-14,Una,COMAL AGROFOODS LIMITED,"VILL. - NANGAL KALAN, TEHSIL - HAROLI, DISTT. - UNA (HP)",685.58,256.25,NHB,Completed,COLD / CA STORAGECA STORAGE81456.00MT
17,18,02AHP0CS000005,Himachal Pradesh,2013-14,Una,Shiv Shankar Cold Store,"Village-Lal Singi, Taluka-Una, Distt.-Una, (H.P.)",349.0,119.63,NHB,Completed,COLD / CA STORAGECOLD STORAGE33625.00MT
18,19,02AHP0003932,Himachal Pradesh,2013-14,Shimla,Bhanu Parkash Chauhan,"Village-Kupri, Taluka- Koti Kotkhai, Distt.- Shimla (H.P.)",18.0,7.13,NHB,Completed,POST HARVEST INFRASTRUCTUREGRADING PACKING UNIT01300.00BOX
19,20,02AHP0003987,Himachal Pradesh,2013-14,Shimla,"Mohan Lal Mehta, S/o-Shankar Dass","Village-Devidhar, Taluka-Chirgaon, Dist-Shimla (Himachal Pradesh)",20.0,9.79,NHB,Completed,POST HARVEST INFRASTRUCTUREGRADING PACKING UNIT01500.00BOX
20,21,02AHP0003142,Himachal Pradesh,2013-14,Shimla,Sh. Mast Ram Tanta,Village Mihana P.O. Dochi Tehsil Jubbal Distt. Shimla,16.1,6.01,NHB,Completed,POST HARVEST INFRASTRUCTUREGRADING PACKING UNIT01200.00BOX
21,22,02AHP0003922,Himachal Pradesh,2013-14,Shimla,Vinod Ghasta,"Village-Mel-II, Taluka-Kotkhai, Dist-Shimla (Himachal Pradesh)",10.0,3.87,NHB,Completed,POST HARVEST INFRASTRUCTUREGRADING PACKING UNIT01200.00BOX
22,23,02AHP0003962,Himachal Pradesh,2013-14,Shimla,Bhim Singh Jhouta,"Village-Bhajanu, Taluka-Jubbal, Dist-Shimla (Himachal Pradesh)",16.32,4.39,NHB,Completed,POST HARVEST INFRASTRUCTUREGRADING PACKING UNIT01200.00BOX
23,24,02AHP0003951,Himachal Pradesh,2013-14,Shimla,Shayam Lal Verma,"Village-Sholvi, Taluka-Theog, Dist-Shimla (Himachal Pradesh)",24.55,8.3,NHB,Completed,POST HARVEST INFRASTRUCTUREGRADING PACKING UNIT01300.00BOX
24,25,02AHP0000744,Himachal Pradesh,2013-14,Shimla,Smt Dropati,Vill Gorli P.OMarog Teh Chopal Distt Shimla,20.0,1.92,NHB,Completed,POST HARVEST INFRASTRUCTUREGRADING PACKING UNIT1200.00BOX
25,26,02AHP0003937,Himachal Pradesh,2013-14,Shimla,"Swarn Singh, S/o-Ranjeet Singh","Village-Balley, Taluka-Kotkhai, Dist-Shimla (Himachal Pradesh)",19.95,8.05,NHB,Completed,POST HARVEST INFRASTRUCTUREGRADING PACKING UNIT01300.00BOX
26,27,02AHP0003943,Himachal Pradesh,2013-14,Shimla,C. R. Chauhan,"Village-Premnagar, Taluka-Kotkhai, Dist-Shimla (Himachal Pradesh)",31.0,9.88,NHB,Completed,POST HARVEST INFRASTRUCTUREGRADING PACKING UNIT01500.00BOX
27,28,02AHP0004001,Himachal Pradesh,2013-14,Shimla,Dharma Nand Verma,"Village-Shedri, Po-Kangal, Taluka-Kumarsain, Dist-Shimla (Himachal Pradesh)",14.1,6.13,NHB,Completed,POST HARVEST INFRASTRUCTUREGRADING PACKING UNIT01200.00BOX
28,29,02AHP0003989,Himachal Pradesh,2013-14,Kullu,Lochan Singh Verma,"Village-Shohach, Taluka-Nirmand, Distt.-Kullu, (H.P.)",22.9,11.03,NHB,Completed,POST HARVEST INFRASTRUCTUREGRADING PACKING UNIT01500.00BOX
29,30,02AHP0003185,Himachal Pradesh,2013-14,Shimla,Anant Ram S/O Banu Ram,Vill Chanderpur PO Hatkoti Teh Jubbal Distt Shimla,14.25,5.41,NHB,Completed,POST HARVEST INFRASTRUCTUREGRADING PACKING UNIT01200.00BOX
30,31,02AHP0004077,Himachal Pradesh,2013-14,Shimla,Ashok kumar & Vinod Kumar,"Village - Kupri, Taluka - Kotkhai, Distt - Shimla, (Himachal Pradesh)",18.75,9.09,NHB,Completed,POST HARVEST INFRASTRUCTUREGRADING PACKING UNIT01300.00BOX
31,32,02AHP0003949,Himachal Pradesh,2013-14,Shimla,Sanjeev Bhuraita,"Village-Thana, Taluka-Jubbal, Dist-Shimla (Himachal Pradesh)",14.25,6.02,NHB,Completed,POST HARVEST INFRASTRUCTUREGRADING PACKING UNIT01200.00BOX
32,33,02AHP0004053,Himachal Pradesh,2013-14,Shimla,Ayush Mehta,"Village- Chalali, Taluka- Kotkhai, Dist.- Shimla (Himachal Pradesh)",14.74,6.47,NHB,Completed,POST HARVEST INFRASTRUCTUREGRADING PACKING UNIT01200.00BOX
33,34,02AHP0004007,Himachal Pradesh,2013-14,Shimla,Gulat Ram,"Village-Mandhol, Taluka-Jubbal, Dist-Shimla (Himachal Pradesh)",18.97,7.26,NHB,Completed,POST HARVEST INFRASTRUCTUREGRADING PACKING UNIT01200.00BOX
34,35,02AHP0003960,Himachal Pradesh,2013-14,Shimla,Hira Singh Rayta,"Village-Mul Matiana, Taluka-Theog, Dist-Shimla (Himachal Pradesh)",19.22,7.84,NHB,Completed,POST HARVEST INFRASTRUCTUREGRADING PACKING UNIT01200.00BOX
35,36,02AHP0004029,Himachal Pradesh,2013-14,Shimla,Pawan Chandel,"Village- Karali (Pandli), Taluka- Kotkhai, Dist.- Shimla (Himachal Pradesh)",31.44,10.82,NHB,Completed,POST HARVEST INFRASTRUCTUREGRADING PACKING UNIT01500.00BOX
36,37,02AHP0003942,Himachal Pradesh,2013-14,Shimla,Pratap Chauhan,"Village-Nagpuri, Taluka-Kotkhai, Dist-Shimla (Himachal Pradesh)",19.0,9.25,NHB,Completed,POST HARVEST INFRASTRUCTUREGRADING PACKING UNIT01300.00BOX
37,38,02AHP0004012,Himachal Pradesh,2013-14,Shimla,Rajpal Chauhan,"Village- Jalthar, Taluka- Kotkhai, Dist.- Shimla (Himachal Pradesh)",34.5,18.1,NHB,Completed,POST HARVEST INFRASTRUCTUREGRADING PACKING UNIT01600.00BOX
38,39,02AHP0003981,Himachal Pradesh,2013-14,Shimla,Sunil Kumar Pirta,"Village-Nahnhar, Taluka-Jubbal, Dist-Shimla (Himachal Pradesh)",19.95,8.65,NHB,Completed,POST HARVEST INFRASTRUCTUREGRADING PACKING UNIT01300.00BOX
39,40,02AHP0004051,Himachal Pradesh,2013-14,Shimla,Surat Ram,"Village- Seema Mauja Bijori, Taluka- Rohroo, Dist.- Shimla (Himachal Pradesh)",18.5,9.25,NHB,Completed,POST HARVEST INFRASTRUCTUREGRADING PACKING UNIT01600.00BOX
40,41,02AHP0003950,Himachal Pradesh,2013-14,Shimla,"Chander Prakash, S/o-Bhagat Ram","Village-Kanahar, Taluka-Kumharsain, Dist-Shimla (Himachal Pradesh)",14.1,4.09,NHB,Completed,POST HARVEST INFRASTRUCTUREGRADING PACKING UNIT01200.00BOX
41,42,02AHP0CS000003,Himachal Pradesh,2013-14,Shimla,Dev Bhumi Cold Chain Ltd,"Village-Matiana, Tehsil -Theog, District-Shimlia-171212 (Himachal Pradesh)",2300.0,570.76,NHB,Completed,COLD / CA STORAGECA STORAGE162544.00MT
42,43,02AHP0004036,Himachal Pradesh,2013-14,Sirmaur,Himalya International Limited,"Village- Shubh Khera, Taluka- Paonta Sahib, Dist.- Sirmour (Himachal Pradesh)",71.05,28.41,NHB,Completed,POST HARVEST INFRASTRUCTUREREFER VAN0331.00TONNES
43,44,02AHP0004066,Himachal Pradesh,2013-14,Shimla,Keshav Ram,"Village-Dhar, Taluka-Kotkhai, Dist-Shimla (Himachal Pradesh)",18.75,8.26,NHB,Completed,POST HARVEST INFRASTRUCTUREGRADING PACKING UNIT01300.00BOX
44,45,02AHP0003964,Himachal Pradesh,2013-14,Kullu,"Lagnesh Verma, S/o-Late Dhani Ram Verma","Vilage-Tharog, Taluka-Anni, Dist-Kullu (Himachal Pradesh)",19.53,4.85,NHB,Completed,POST HARVEST INFRASTRUCTUREGRADING PACKING UNIT01200.00BOX
45,46,02AHP0004000,Himachal Pradesh,2013-14,Shimla,Nand Lal Chauhan,"Village-Hat, Taluka-Theog, Dist-Shimla (Himachal Pradesh)",21.6,10.42,NHB,Completed,POST HARVEST INFRASTRUCTUREGRADING PACKING UNIT01500.00BOX
46,47,02AHP0004023,Himachal Pradesh,2013-14,Shimla,Palas Ram,"Village- Kohbagh, Taluka- Kotkhai, Dist.- Shimla (Himachal Pradesh)",18.65,9.34,NHB,Completed,POST HARVEST INFRASTRUCTUREGRADING PACKING UNIT01500.00BOX
47,48,02AHP0004081,Himachal Pradesh,2014-15,Shimla,Munna Lal,"Village- Kiari, Taluka- Kotkhai Distt.- Shimla (Himachal Pradesh)",23.0,11.05,NHB,Completed,POST HARVEST INFRASTRUCTUREGRADING PACKING UNIT01600.00BOX
48,49,02AHP0004085,Himachal Pradesh,2014-15,Shimla,Puran Chand Tanta.,"Village- Kaina, Taluka- Jubbal, Distt.- Shimla (Himachal Pradesh)",23.2,11.05,NHB,Completed,POST HARVEST INFRASTRUCTUREGRADING PACKING UNIT01600.00BOX
49,50,02AHP0004067,Himachal Pradesh,2014-15,Shimla,Amar Singh,"Village-Melthi, Taluka-Rohru, Dist-Shimla (Himachal Pradesh)",18.75,9.06,NHB,Completed,POST HARVEST INFRASTRUCTUREGRADING PACKING UNIT01300.00BOX
50,51,02AHP0004009,Himachal Pradesh,2014-15,Shimla,Dula Ram Khimta,"Village-Baghal Galeha, Taluka-Kotkhai, Dist-Shimla (Himachal Pradesh)",19.9,9.63,NHB,Completed,POST HARVEST INFRASTRUCTUREGRADING PACKING UNIT01400.00BOX
51,52,02AHP0003990,Himachal Pradesh,2014-15,Shimla,Jodh Ram Tegta,"Village-Mehandhali, Taluka-Rohroo, Distt.-Shimla [H.P.]",23.0,10.54,NHB,Completed,POST HARVEST INFRASTRUCTUREGRADING PACKING UNIT01400.00BOX
52,53,02AHP0004002,Himachal Pradesh,2014-15,Shimla,Kahan Singh,"Village-Baghal, Taluka-Kotkhai, Dist-Shimla (Himachal Pradesh)",11.3,5.51,NHB,Completed,POST HARVEST INFRASTRUCTUREGRADING PACKING UNIT01200.00BOX
53,54,02AHP0004031,Himachal Pradesh,2014-15,Shimla,Kamal Nathta,"Village- Karchari, Taluka- Rohroo, Dist.- Shimla (Himachal Pradesh)",17.38,8.92,NHB,Completed,POST HARVEST INFRASTRUCTUREGRADING PACKING UNIT01600.00BOX
54,55,02AHP0004045,Himachal Pradesh,2014-15,Shimla,Raje Singh Rawat,"Village- Nandpur, Taluka- Jubble, Dist.- Shimla (Himachal Pradesh)",9.8,5.14,NHB,Completed,POST HARVEST INFRASTRUCTUREGRADING PACKING UNIT01200.00BOX
55,56,02AHP0004014,Himachal Pradesh,2014-15,Kullu,Uttam Ram,"Village- Dhowi, Taluka- Anni, Dist.- Kullu (Himachal Pradesh)",37.75,19.89,NHB,Completed,POST HARVEST INFRASTRUCTUREGRADING PACKING UNIT01600.00BOX
56,57,02AHP0004048,Himachal Pradesh,2014-15,Shimla,Devender Chauhan,"Village- Sheel, Taluka- Rohru, Dist.- Shimla (Himachal Pradesh)",19.15,11.27,NHB,Completed,POST HARVEST INFRASTRUCTUREGRADING PACKING UNIT01550.00BOX
57,58,02AHP0004013,Himachal Pradesh,2014-15,Shimla,Jatinder Chauhan,"Village- Dharot, Taluka- Rohru, Dist.- Shimla (Himachal Pradesh)",12.6,6.22,NHB,Completed,POST HARVEST INFRASTRUCTUREGRADING PACKING UNIT01250.00BOX
58,59,02AHP0003184,Himachal Pradesh,2014-15,Shimla,Mohan Lal Bhapta S/O Jogi Ram,Vill Mandharli PO Mandharli Teh Rohru Distt Shimla,20.0,9.24,NHB,Completed,POST HARVEST INFRASTRUCTUREGRADING PACKING UNIT01400.00BOX
59,60,02AHP0003927,Himachal Pradesh,2014-15,Shimla,Rakesh Kumar & Rajesh Kumar,"Village-Annu, Taluka-Rohru, Dist-Shimla (Himachal Pradesh)",87.0,34.44,NHB,Completed,POST HARVEST INFRASTRUCTUREGRADING PACKING UNIT01800.00BOX
60,61,02AHP0003967,Himachal Pradesh,2014-15,Shimla,Ramanand Rajta,"Village-Reog, Taluka-Kumarsain, Dist-Shimla (Himachal Pradesh)",12.75,5.28,NHB,Completed,POST HARVEST INFRASTRUCTUREGRADING PACKING UNIT01500.00BOX
61,62,02AHP0004137,Himachal Pradesh,2014-15,Shimla,Jitender Verma,"Village- Gullo, P.O- Jais, Taluka- Theog, Distt.- Shimla (Himachal Pradesh)",49.95,24.4,NHB,Completed,POST HARVEST INFRASTRUCTUREREFER VAN0224.00TONNES
62,63,02AHP0004107,Himachal Pradesh,2014-15,Shimla,Dev Raj Kapta,"Village- Shallan, Taluka- Rohru, Distt.- Shimla (Himachal Pradesh)",40.0,19.31,NHB,Under Implementation,POST HARVEST INFRASTRUCTUREGRADING PACKING UNIT01600.00BOX
63,64,02AHP0004108,Himachal Pradesh,2014-15,Shimla,Hem Raj,"Village- Badholi, Taluka- Rohroo, Distt.- Shimla (Himachal Pradesh)",18.75,9.1,NHB,Completed,POST HARVEST INFRASTRUCTUREGRADING PACKING UNIT01400.00BOX
64,65,02AHP0004117,Himachal Pradesh,2014-15,Shimla,Sangram Singh S/o Sh Ishwar Dass,"Village Doswani, PO-Kaloti, Tehsil Chirgaon, Distt. Shimla (Himachal Pradesh) -171207",21.32,10.97,NHB,Completed,POST HARVEST INFRASTRUCTUREGRADING PACKING UNIT01400.00BOX
65,66,02AHP0004098,Himachal Pradesh,2014-15,Shimla,Sunder Singh,"Village- Bhamnoli, Taluka- Rohru, Distt.- Shimla (Himachal Pradesh)",22.09,11.0,NHB,Completed,POST HARVEST INFRASTRUCTUREGRADING PACKING UNIT01400.00BOX
66,67,02AHP0004128,Himachal Pradesh,2014-15,Shimla,Yoginder Singh S/o Late Sh Dhyan Singh,"Village & Post Samra, Sub-Tehsil Tikkar, Tehsil Rohru, Distt. Shimla (HP) -171203.",8.35,3.81,NHB,Completed,POST HARVEST INFRASTRUCTUREGRADING PACKING UNIT01200.00BOX
67,68,02AHP0004038,Himachal Pradesh,2014-15,Shimla,Ashok Kumar,"Village- Saras, Taluka- Rohru, Dist.- Shimla (Himachal Pradesh)",21.8,10.47,NHB,Completed,POST HARVEST INFRASTRUCTUREGRADING PACKING UNIT01400.00BOX
68,69,02AHP0004084,Himachal Pradesh,2014-15,Shimla,Atma Ram Chauhan,"Village- Kadali, Taluka- Kotkhai, Distt.- Shimla (Himachal Pradesh)",19.5,9.12,NHB,Completed,POST HARVEST INFRASTRUCTUREGRADING PACKING UNIT01300.00BOX
69,70,02AHP0003966,Himachal Pradesh,2014-15,Shimla,"Bhadur Singh, S/o-Amar Singh","Village-Paoli, Taluka-Rohru, Dist-Shimla (Himachal Pradesh)",21.5,8.89,NHB,Completed,POST HARVEST INFRASTRUCTUREGRADING PACKING UNIT01300.00BOX
70,71,02AHP0003995,Himachal Pradesh,2014-15,Shimla,Bhag Chand Chauhan,"Village-Klouch, Taluka-Kotkhai, Dist-Shimla (Himachal Pradesh)",21.5,7.0,NHB,Completed,POST HARVEST INFRASTRUCTUREGRADING PACKING UNIT01300.00BOX
71,72,02AHP0004021,Himachal Pradesh,2014-15,Shimla,Bhag Chand Rikhta,"Village- Badhal, Taluka- Jubbal, Dist.-Shimla (Himachal Pradesh)",12.6,6.32,NHB,Completed,POST HARVEST INFRASTRUCTUREGRADING PACKING UNIT01300.00BOX
72,73,02AHP0004071,Himachal Pradesh,2014-15,Shimla,Bhuvneshwar Singh,"Village-Jachali, Taluka-Jubbal, Dist-Shimla (Himachal Pradesh)",13.4,5.98,NHB,Completed,POST HARVEST INFRASTRUCTUREGRADING PACKING UNIT01200.00BOX
73,74,02AHP0003958,Himachal Pradesh,2014-15,Shimla,DHARAM SINGH SHARMA,"Village- Magawta, Tehsil-Jubbal, Distt.- Shimla (Himachal Pradesh)",16.5,7.12,NHB,Completed,POST HARVEST INFRASTRUCTUREGRADING PACKING UNIT01300.00BOX
74,75,02AHP0004050,Himachal Pradesh,2014-15,Shimla,Ganga Ram,"Village- Oddidhar, Taluka- Nankhari, Dist.- Shimla (Himachal Pradesh)",39.01,19.41,NHB,Completed,POST HARVEST INFRASTRUCTUREGRADING PACKING UNIT01600.00BOX
75,76,02AHP0004068,Himachal Pradesh,2014-15,Kullu,"Harshit Enterprises, Prop-Harvinder Arora","Village-Bashing, Post-Babeli, Taluka-Kullu, Dist-Kullu (Himachal Pradesh)",38.67,11.22,NHB,Completed,POST HARVEST INFRASTRUCTURERIPENING CHAMBER0120.40TONNES
76,77,02AHP0004027,Himachal Pradesh,2014-15,Shimla,Jagtender Singh Raitka,"Village- Barara PO Arhal, Taluka- Rohroo, Dist.- Shimla (Himachal Pradesh)",23.5,10.97,NHB,Completed,POST HARVEST INFRASTRUCTUREGRADING PACKING UNIT01300.00BOX
77,78,02AHP0004017,Himachal Pradesh,2014-15,Shimla,Joginder Singh,"Village- Gahan, Taluka- Nankhari, Dist.- Shimla (Himachal Pradesh)",19.8,8.88,NHB,Completed,POST HARVEST INFRASTRUCTUREGRADING PACKING UNIT01300.00BOX
78,79,02AHP0004087,Himachal Pradesh,2014-15,Shimla,Keshav Ram,"Village- Dali, Taluka- Chirgaon, Distt.- Shimla (Himachal Pradesh)",25.52,10.28,NHB,Completed,POST HARVEST INFRASTRUCTUREGRADING PACKING UNIT01400.00BOX
79,80,02AHP0003948,Himachal Pradesh,2014-15,Shimla,Kuldeep Singh,"Village-Dhara, Taluka-Rohru, Dist-Shimla (Himachal Pradesh)",20.0,10.09,NHB,Completed,POST HARVEST INFRASTRUCTUREGRADING PACKING UNIT01400.00BOX
80,81,02AHP0003963,Himachal Pradesh,2014-15,Shimla,Laiq Ram Austa,"Village-Ratnari, Taluka-Kotkhai, Dist-Shimla (Himachal Pradesh)",17.5,6.62,NHB,Completed,POST HARVEST INFRASTRUCTUREGRADING PACKING UNIT01400.00BOX
81,82,02AHP0003999,Himachal Pradesh,2014-15,Shimla,Moti Lal Chauhan,"Village-Andhreothi, Taluka-Rohru, Dist-Shimla (Himachal Pradesh)",22.35,9.39,NHB,Completed,POST HARVEST INFRASTRUCTUREGRADING PACKING UNIT01400.00BOX
82,83,02AHP0004024,Himachal Pradesh,2014-15,Shimla,Parmod Singh Negi,"Village- Bhamnala PO Khuthara, Taluka- Rohroo, Dist.- Shimla (Himachal Pradesh)",18.5,9.09,NHB,Completed,POST HARVEST INFRASTRUCTUREGRADING PACKING UNIT01400.00BOX
83,84,02AHP0004075,Himachal Pradesh,2014-15,Shimla,Prabhu Dayal Rohta,"Village- Baghi, Taluka- Kotkhai, Distt.- Shimla (Himachal Pradesh)",23.0,10.52,NHB,Completed,POST HARVEST INFRASTRUCTUREGRADING PACKING UNIT01400.00BOX
84,85,02AHP0004030,Himachal Pradesh,2014-15,Shimla,Prithvi Raj Kalta,"Village- Brall, Taluka- Rohroo, Dist.- Shimla (Himachal Pradesh)",22.0,11.04,NHB,Completed,POST HARVEST INFRASTRUCTUREGRADING PACKING UNIT1400.00BOX
85,86,02AHP0003926,Himachal Pradesh,2014-15,Shimla,Sanjeev Chauhan,"Village-Bizlidhar, Taluka-Theog, Dist-Shimla (Himachal Pradesh)",8.48,3.7,NHB,Completed,POST HARVEST INFRASTRUCTUREGRADING PACKING UNIT01200.00BOX
86,87,02AHP0004026,Himachal Pradesh,2014-15,Shimla,Tara Chand,"Village- Panail, Taluka- Nankhari, Dist.- Shimla (Himachal Pradesh)",17.38,8.81,NHB,Completed,POST HARVEST INFRASTRUCTUREGRADING PACKING UNIT01300.00BOX
87,88,02AHP0003968,Himachal Pradesh,2014-15,Kinnaur,The Nichar Tehsil Co-Operative marketing Consumer Society Ltd,"Village-Nichar, Taluka-Nichar, Dist-Kinnaur (Himachal Pradesh)",28.19,10.41,NHB,Completed,POST HARVEST INFRASTRUCTUREGRADING PACKING UNIT01400.00BOX
88,89,02AHP0004006,Himachal Pradesh,2014-15,Shimla,Yashwant Singh S/o Sh. Roshan Lal,"Village-Brall, Taluka-Rohru, Distt.-Shimla (H.P.)",13.86,6.49,NHB,Completed,POST HARVEST INFRASTRUCTUREGRADING PACKING UNIT01200.00BOX
89,90,02AHP0003955,Himachal Pradesh,2015-16,Shimla,Bhupinder Sain S/o Shri Ram Sain,"Villlage-Khateri, Taluka-Rohroo, Distt.- Shimla, State-H.P.",21.85,5.83,NHB,Completed,POST HARVEST INFRASTRUCTUREGRADING PACKING UNIT01200.00BOX
90,91,02AHP0004216,Himachal Pradesh,2015-16,Shimla,Bhura Nand Sharma,Village Ramnagri ( Pujarli ) Tehsil Jubbal Distt. Shimla (HP),18.01,8.26,NHB,Completed,POST HARVEST INFRASTRUCTUREGRADING PACKING UNIT01300.00BOX
91,92,02AHP0004113,Himachal Pradesh,2015-16,Shimla,Chet Ram Chauhan S/o Late Sh Keshav Ram Chauhan,"Village Bankoti, PO-Thanedhar, Tehsil Kumarsain, Distt. Shimla -171230 (Himachal Pradesh)",13.5,5.86,NHB,Completed,POST HARVEST INFRASTRUCTUREGRADING PACKING UNIT01200.00BOX
92,93,02AHP0004136,Himachal Pradesh,2015-16,Kullu,Gopal Dass,"Khasra no. 717/1, Vill Lanj (Remu), PO-Nishani, Tehsil Nirmand, Distt. Kullu (HP)",21.43,11.0,NHB,Completed,POST HARVEST INFRASTRUCTUREGRADING PACKING UNIT01400.00BOX
93,94,02AHP0004114,Himachal Pradesh,2015-16,Shimla,Hira Singh S/o Late Sh Amar Singh,"Vill-Pharog, PO-Pujarli-3, Sub Tehsil Tikkar, Distt. Shimla -171203 (HP)",13.25,6.52,NHB,Completed,POST HARVEST INFRASTRUCTUREGRADING PACKING UNIT01200.00BOX
94,95,02AHP0004100,Himachal Pradesh,2015-16,Shimla,Jawahar Lal,Village- Bari Taluka- Rohroo Distt.- Shimla (Himachal Pradesh),40.0,20.24,NHB,Completed,POST HARVEST INFRASTRUCTUREGRADING PACKING UNIT01600.00BOX
95,96,02AHP0004151,Himachal Pradesh,2015-16,Shimla,Manoj Kumar Chandel,Village-Karali (Pandli) tehsil -Kotkhai,23.25,11.36,NHB,Completed,POST HARVEST INFRASTRUCTUREGRADING PACKING UNIT1400.00BOX
96,97,02AHP0004147,Himachal Pradesh,2015-16,Shimla,Rajinder Kumar Verma,Vill-Kui PO-Kotla tehsil Kumarsain Distt Shimla,40.0,19.62,NHB,Completed,POST HARVEST INFRASTRUCTUREGRADING PACKING UNIT01600.00BOX
97,98,02AHP0004122,Himachal Pradesh,2015-16,Shimla,Rama Nand Sharma S/o Late Sh Sadh Ram Sharma,"Village Bragli Mohal Waila, Post Kelvi, Tehsil Theog, Distt. Shimla (HP)-171212.",18.75,8.95,NHB,Completed,POST HARVEST INFRASTRUCTUREGRADING PACKING UNIT01300.00BOX
98,99,02AHP0004164,Himachal Pradesh,2015-16,Kullu,Ranjeet Singh,Vill- Dhar Dehar Tehsil-Anni Distt-Kullu (HP)-172025,13.25,6.13,NHB,Completed,POST HARVEST INFRASTRUCTUREGRADING PACKING UNIT01200.00BOX
99,100,02AHP0004212,Himachal Pradesh,2015-16,Shimla,Sh. Balak Ram,VPO Bakhol Tehsil Kotkhai Distt. Shimla -171202 (HP),10.7,3.34,NHB,Completed,POST HARVEST INFRASTRUCTUREGRADING PACKING UNIT01200.00BOX
100,101,02AHP0004176,Himachal Pradesh,2015-16,Shimla,Sh. Bhagat Singh,"Sh. Bhagat Singh S/o Sh. Tara Singh, Village Thana, PO Mandal, Tehsil Jubbal, Distt. Shimla (HP)-171216",13.75,0.0,NHB,Completed,POST HARVEST INFRASTRUCTUREGRADING PACKING UNIT01200.00BOX
101,102,02AHP0004187,Himachal Pradesh,2015-16,Shimla,Sh. Mast Ram Chauhan,"Village Mohal Brahmu, Tehsil Kotkhai, Distt. Shimla (HP)",13.25,5.5,NHB,Completed,POST HARVEST INFRASTRUCTUREGRADING PACKING UNIT01200.00BOX
102,103,02AHP0004220,Himachal Pradesh,2015-16,Kinnaur,Sh. Rajender Kumar Negi,VPO Rispa Tehsil Morang District Kinnaur-172116 (HP),23.0,10.44,NHB,Completed,POST HARVEST INFRASTRUCTUREGRADING PACKING UNIT01400.00BOX
103,104,02AHP0004188,Himachal Pradesh,2015-16,Shimla,Sh. Rajeshwar Singh,"Village Banchhuna, Teshil Rohroo, Distt. Shimla (HP)",34.75,10.15,NHB,Completed,POST HARVEST INFRASTRUCTUREGRADING PACKING UNIT01400.00BOX
104,105,02AHP0004210,Himachal Pradesh,2015-16,Shimla,Smt. Sapna,"Village Nehal, PO Zar Tehsil Kumharsain Distt. Shimla-171225 (HP)",13.25,5.4,NHB,Completed,POST HARVEST INFRASTRUCTUREGRADING PACKING UNIT01200.00BOX
105,106,02AHP0004139,Himachal Pradesh,2015-16,Kinnaur,Vikram Singh S/o Sh Nihal Chand,"Village & Post Bari, Tehsil Nichar, Distt. Kinnaur (HP)",40.0,10.62,NHB,Completed,POST HARVEST INFRASTRUCTUREGRADING PACKING UNIT01400.00BOX
106,107,02AHP0004105,Himachal Pradesh,2015-16,Shimla,Virma Devi W/o Lt. Sh Saran Chand,"Vill-Khalai(Deoli), PO- Ghasni, Sub-Tehsil Tikkar, Tehsil Rohru, Distt. Shimla (HP)-171203",18.75,9.1,NHB,Completed,POST HARVEST INFRASTRUCTUREGRADING PACKING UNIT01300.00BOX
107,108,02AHP0004131,Himachal Pradesh,2015-16,Shimla,Yoginder Dutt Sharma S/o Sh Govind Ram,"Vill-Jatari, PO-Deem, Tehsil Jubbal, Distt. Shimla -171205 (HP)",14.74,6.24,NHB,Completed,POST HARVEST INFRASTRUCTUREGRADING PACKING UNIT01200.00BOX
108,109,02AHP0CS000016,Himachal Pradesh,2015-16,Solan,Hortitech Foods,"Village- Bhurawala,Taluka- Baddi, Distt.- Solan (Himachal Pradesh)",705.94,255.2,NHB,Completed,COLD / CA STORAGECA STORAGE82126.00MT
109,110,02AHP0002509,Himachal Pradesh,2015-16,Shimla,Chander Mohan,"Village-Kachinghatti, Taluka-Kumharsain, Dist-Shimla (Himachal Pradesh)",34.0,5.44,NHB,Completed,POST HARVEST INFRASTRUCTUREGRADING PACKING UNIT01200.00BOX
110,111,02AHP0004091,Himachal Pradesh,2015-16,Shimla,Rajinder Thakur,"Village- Buthara, Taluka- Rohroo, Distt.- Shimla (Himachal Pradesh)",40.0,10.28,NHB,Completed,POST HARVEST INFRASTRUCTUREGRADING PACKING UNIT01400.00BOX
111,112,02AHP0004032,Himachal Pradesh,2015-16,Shimla,Sheela Devi Negi,"Village- Gwana PO- Khutara, Taluka- Rohroo, Dist.- Shimla (Himachal Pradesh)",18.45,5.61,NHB,Completed,POST HARVEST INFRASTRUCTUREGRADING PACKING UNIT01200.00BOX
112,113,02AHP0004003,Himachal Pradesh,2015-16,Shimla,Raj Kamal Chauhan,"Village-Kaul, Po-Ratnari, Taluka-Kotkhai, Dist-Shimla (Himachal Pradesh)",26.14,10.33,NHB,Completed,POST HARVEST INFRASTRUCTUREGRADING PACKING UNIT01400.00BOX
113,114,02AHP0004097,Himachal Pradesh,2015-16,Shimla,Chaman Chauhan,"Village- Manthaik (Kharapather), Taluka- Jubbal, Distt- Shimla (Himachal Pradesh)",10.25,4.47,NHB,Completed,POST HARVEST INFRASTRUCTUREGRADING PACKING UNIT1200.00BOX
114,115,02AHP0004174,Himachal Pradesh,2015-16,Shimla,M/s Shathla Premal Co-Operative FGM Society Limited,"Village Mohal Shathla Kotgarh, Tehsil Kumharsain, Distt. Shimla (HP)-172030",23.0,9.05,NHB,Completed,POST HARVEST INFRASTRUCTUREGRADING PACKING UNIT01300.00BOX
115,116,02AHP0004180,Himachal Pradesh,2015-16,Shimla,Sh. Hitesh Sharma,"Vill Dhanot, PO Bagri, Tehsil Theog, Distt. Shimla (HP)",17.96,9.04,NHB,Completed,POST HARVEST INFRASTRUCTUREGRADING PACKING UNIT01400.00BOX
116,117,02AHP0CS000017,Himachal Pradesh,2015-16,Solan,RKS FUTURE FOODS AND COLD CHAIN PVT LTD,"VILLAGE- BHATOLI KALAN, TALUKA- BADDI, DISTT.- SOLAN (HIMACHAL PRADESH)",2530.74,636.54,NHB,Completed,COLD / CA STORAGECA STORAGE214973.00MT
117,118,02AHP0004140,Himachal Pradesh,2015-16,Shimla,Tara Singh S/o Sh Padam Dass,"Vill- Kandreri, PO-Surad, Sub-Tehsil Nankhari, Distt. Shimla (HP)-172001",40.0,20.08,NHB,Completed,POST HARVEST INFRASTRUCTUREGRADING PACKING UNIT01800.00BOX
118,119,02AHP0004022,Himachal Pradesh,2015-16,Shimla,Roshan Lal,"Village- Addu, Taluka- Nankhari, Dist.- Shimla (Himachal Pradesh)",17.38,8.08,NHB,Completed,POST HARVEST INFRASTRUCTUREGRADING PACKING UNITNA0.00NOT GIVEN
119,120,02AHP0004073,Himachal Pradesh,2015-16,Shimla,Anokhi Ram,"Village-Kafti, Taluka-Rampur, Dist-Shimla (Himachal Pradesh)",23.0,9.22,NHB,Completed,POST HARVEST INFRASTRUCTUREGRADING PACKING UNITNA0.00NOT GIVEN
120,121,02AHP0004076,Himachal Pradesh,2015-16,Shimla,Atma Ram Tejta,"Village - Rampuri, Taluka -Rohroo, Distt. - Shimla (Himachal Pradesh)",23.25,9.23,NHB,Completed,POST HARVEST INFRASTRUCTUREGRADING PACKING UNITNA0.00NOT GIVEN
121,122,02AHP0003993,Himachal Pradesh,2015-16,Shimla,Bhopinder Singh,"Village-Lohrati, Taluka-Jubbal, Dist-Shimla (Himachal Pradesh)",17.9,8.85,NHB,Completed,POST HARVEST INFRASTRUCTUREGRADING PACKING UNITNA0.00NOT GIVEN
122,123,02AHP0004033,Himachal Pradesh,2015-16,Shimla,Santosh Kumar,"Village- Shivpur Mauja Jakhod Pujarali PO Mandal, Taluka- Jubbal, Dist.- Shimla (Himachal Pradesh)",18.5,8.49,NHB,Completed,POST HARVEST INFRASTRUCTUREGRADING PACKING UNITNA0.00NOT GIVEN
123,124,02AHP0004069,Himachal Pradesh,2015-16,Shimla,Virbhader Singh,"Village- Bagi, Taluka- Chirgaon, Distt.- Shimla (Himachal Pradesh)",23.0,9.72,NHB,Completed,POST HARVEST INFRASTRUCTUREGRADING PACKING UNITNA99000.00BOX
124,125,02AHP0003975,Himachal Pradesh,2016-17,Shimla,Chet Ram Verma,"Village-Akantbari, Taluka-Kumarsain, Dist-Shimla (Himachal Pradesh)",24.8,8.48,NHB,Completed,POST HARVEST INFRASTRUCTUREGRADING PACKING UNITNA800.00TONNES
125,126,02AHP0004163,Himachal Pradesh,2016-17,Shimla,Balak Ram S/o Rattan Dass,Vill-Dhamwari PO- Tikkri Tehsil Chirgaon Distt-Shimla (HP)-171208,23.25,11.33,NHB,Completed,POST HARVEST INFRASTRUCTUREGRADING PACKING UNITNA0.06ACRE
126,127,02AHP0004125,Himachal Pradesh,2016-17,Shimla,Balkrishan S/o late Sh Raja Ram,"Village & Post Kharot, Tehsil Chirgaon, Distt. Shimla (HP) -171208",23.0,11.5,NHB,Completed,POST HARVEST INFRASTRUCTUREGRADING PACKING UNITNA0.06ACRE
127,128,02AHP0004336,Himachal Pradesh,2016-17,Shimla,Guman Singh,Vill Padara PO Tharola Tehsil Kotkhai District Shimla H.P.,18.75,8.21,NHB,Completed,POST HARVEST INFRASTRUCTUREGRADING PACKING UNITNA0.06ACRE
128,129,02AHP0004145,Himachal Pradesh,2016-17,Solan,Kanshi Ram S/o Sh Jiwanoo Ram,"Vill-Dherota , PO-Piplughat , Tehsil Arki , Distt. Solan -171102 (HP)",39.5,10.38,NHB,Completed,POST HARVEST INFRASTRUCTUREGRADING PACKING UNITNA0.06ACRE
129,130,02AHP0004142,Himachal Pradesh,2016-17,Shimla,Mast Ram S/o Lt. Sh Chiranji Lal,"Mohal Pandli , Tehsil Kotkhai , Distt. Shimla HP -171202",18.75,8.82,NHB,Completed,POST HARVEST INFRASTRUCTUREGRADING PACKING UNITNA0.06ACRE
130,131,02AHP0004152,Himachal Pradesh,2016-17,Shimla,Niranjan Singh,VPO -Sheel tehsil Rohru Distt- Shimla,13.25,6.23,NHB,Completed,POST HARVEST INFRASTRUCTUREGRADING PACKING UNITNA0.02ACRE
131,132,02AHP0004292,Himachal Pradesh,2016-17,Kullu,Sh. Chaman Lal Thakur,"Village Kota Seri, PO Digerh Tehsil Anni Distt. Kullu -172026 (HP)",18.75,7.16,NHB,Completed,POST HARVEST INFRASTRUCTUREGRADING PACKING UNITNA0.06ACRE
132,133,02AHP0004169,Himachal Pradesh,2016-17,Shimla,Sh. Kashmiri Lal,"Vill. & PO Kingal, Tehsil Kumharsain, Distt. Shimla (HP)",12.03,6.17,NHB,Completed,POST HARVEST INFRASTRUCTUREGRADING PACKING UNITNA0.03ACRE
133,134,02AHP0004167,Himachal Pradesh,2016-17,Kullu,Sh. Shyam Singh,"Sh. Shyam Singh S/o Sh. Ganga Ram Village Sampal, PO Karana Tehsil Anni, District Kullu HP 172026",18.75,8.9,NHB,Completed,POST HARVEST INFRASTRUCTUREGRADING PACKING UNITNA0.06ACRE
134,135,02AHP0004155,Himachal Pradesh,2016-17,Shimla,Shashi Ram S/o Mehar Singh,Vill- Sheel Tehsil Rohroo Distt- Shimla (HP)-171205,13.25,6.16,NHB,Completed,POST HARVEST INFRASTRUCTUREGRADING PACKING UNITNA0.03ACRE
135,136,02AHP0004197,Himachal Pradesh,2016-17,Shimla,Smt. Chander Prabha,"Village Gopalpur, Tehsil Rampur Distt. Shimla (HP)",18.75,8.39,NHB,Completed,POST HARVEST INFRASTRUCTUREGRADING PACKING UNITNA0.06ACRE
136,137,02AHP0004109,Himachal Pradesh,2016-17,Shimla,The Bahli Service Co-operative Society Ltd.,"Village Bahli, Post Bhutti, Tehsil Kumarsain, District Shimla (HP)-172030.",23.0,10.69,NHB,Completed,POST HARVEST INFRASTRUCTUREGRADING PACKING UNITNA0.03ACRE
137,138,02AHP0004111,Himachal Pradesh,2016-17,Shimla,Vinod Kumar,"Village Munchara (Dogri), PO-Samoli Pul, Tehsil Rohru, Distt. Shimla -171207 (HP)",23.0,10.79,NHB,Completed,POST HARVEST INFRASTRUCTUREGRADING PACKING UNITNA0.06ACRE
138,139,02AHP0004090,Himachal Pradesh,2016-17,Shimla,Prem Chand,"Village- Shoba Badhal, Taluka- Jubbal, Distt.- Shimla (Himachal Pradesh)",13.3,6.32,NHB,Completed,POST HARVEST INFRASTRUCTUREGRADING PACKING UNITNA0.00NOT GIVEN
139,140,02AHP0004020,Himachal Pradesh,2016-17,Shimla,Balak Ram,"Village- Shilla, Taluka- Rampur, Dist.- Shimla (Himachal Pradesh)",22.61,10.44,NHB,Completed,POST HARVEST INFRASTRUCTUREGRADING PACKING UNITNA80000.00BOX
140,141,02AHP0004056,Himachal Pradesh,2016-17,Shimla,SNOWLINE AGRI FRESH,"VILLAGE- JAIS, TALUKA- THEOG, DIST.- SHIMLA. (HIMACHAL PRADESH)",49.75,17.46,NHB,Completed,POST HARVEST INFRASTRUCTUREGRADING PACKING UNITNA100.00TONNES
141,142,02AHP0004078,Himachal Pradesh,2016-17,Shimla,Kapil Verma,"Village - Bhuin,Taluka - Theog Distt.- Shimla, (Himachal Pradesh)",23.09,10.86,NHB,Completed,POST HARVEST INFRASTRUCTUREGRADING PACKING UNITNA0.00NOT GIVEN
142,143,02AHP0003959,Himachal Pradesh,2016-17,Shimla,Jawahar Lal Negi,"Village-Khasha Dhar, Taluka-Chirgaon, Dist-Shimla (Himachal Pradesh)",17.5,5.23,NHB,Completed,POST HARVEST INFRASTRUCTUREGRADING PACKING UNITNA0.00NOT GIVEN
143,144,02AHP0004317,Himachal Pradesh,2016-17,Shimla,Ajay kumar s/o Sh parkash Chand,Vill- Baghi P.O-Lower Koti Tehsil Rohroo Distt-Shimla HP0171207,23.0,0.0,NHB,Completed,POST HARVEST INFRASTRUCTUREGRADING PACKING UNITNA0.06ACRE
144,145,02AHP0004110,Himachal Pradesh,2016-17,Shimla,Lok Raj S/o Late Sh Krishan Chand,"Village - Daroti, PO - Tikkar, Tehsil Rohru, Distt. Shimla (HP)-171207",23.5,0.0,NHB,Completed,POST HARVEST INFRASTRUCTUREGRADING PACKING UNITNA0.06ACRE
145,146,02AHP0004120,Himachal Pradesh,2016-17,Shimla,Moti Ram Shyam & Laxmi Nand Shyam,"Village Revi, Post Shilaru Mohal Palo, Tehsil Theog, Distt. Shimla (HP)-171213.",23.0,0.0,NHB,Completed,POST HARVEST INFRASTRUCTUREGRADING PACKING UNITNA0.06ACRE
146,147,02AHP0004383,Himachal Pradesh,2016-17,Shimla,Narayan Dass Chauhan,Village Shillru PO & tehsil Kotkhai Distt Shimla,4.0,0.0,NHB,Completed,POST HARVEST INFRASTRUCTUREGRADING PACKING UNITNA0.01ACRE
147,148,02AHP0004099,Himachal Pradesh,2016-17,Shimla,Rajiv Kumar,"Village- Mohal Khalawan, Taluka- Rohroo, Distt.- Shimla (Himachal Pradesh)",23.0,0.0,NHB,Completed,POST HARVEST INFRASTRUCTUREGRADING PACKING UNITNA0.00NOT GIVEN
148,149,02AHP0004296,Himachal Pradesh,2016-17,Shimla,Sanjay Kumar,Vill-Pajol P.O-Devgarh Tehsil Kotkhai District-Shimla-171202,12.03,0.0,NHB,Completed,POST HARVEST INFRASTRUCTUREGRADING PACKING UNITNA0.35ACRE
149,150,02AHP0004172,Himachal Pradesh,2016-17,Shimla,Sh. Amar Chand Dogra,"Village Gohach, PO Kalbog, Tehsil Kotkhai, Distt. Shimla, (HP)-171225",23.1,0.0,NHB,Completed,POST HARVEST INFRASTRUCTUREGRADING PACKING UNITNA0.06ACRE
150,151,02AHP0004427,Himachal Pradesh,2016-17,Shimla,Sh. Gopal Singh,"Khasra no.1139, Village Amboi, Tehsil Chirgaon Distt Shimla(HP)",18.75,0.0,NHB,Completed,POST HARVEST INFRASTRUCTUREGRADING PACKING UNITNA0.06ACRE
151,152,02AHP0004439,Himachal Pradesh,2016-17,Shimla,Sh. Pratap Singh,"Khasra No 170, Village Runda, PO Kansakoti,Tehsil Rohru Distt Shimla(HP)",17.38,0.0,NHB,Completed,POST HARVEST INFRASTRUCTUREGRADING PACKING UNITNA0.06ACRE
152,153,02AHP0004225,Himachal Pradesh,2016-17,Shimla,Sh. Ram Rattan,Sai Niwas Kharapather Tehsil Jubbal Distt. Shimla -171205 (HP),13.25,0.0,NHB,Completed,POST HARVEST INFRASTRUCTUREGRADING PACKING UNITNA0.03ACRE
153,154,02AHP0004178,Himachal Pradesh,2016-17,Shimla,Sh. Santosh Kumar,"Sh. Santosh Kumar S/o Sh. Saria Ram, Village Bhaghal, Tehsil Kotkhai, Distt. Shimla (HP)",13.25,0.0,NHB,Completed,POST HARVEST INFRASTRUCTUREGRADING PACKING UNITNA0.03ACRE
154,155,02AHP0004387,Himachal Pradesh,2016-17,Shimla,Sh.Hukam Chand,Village & PO Lowerkoti Tehsil Rohru Distt Shimla HP 171207,23.0,0.0,NHB,Completed,POST HARVEST INFRASTRUCTUREGRADING PACKING UNITNA0.06ACRE
155,156,02AHP0004112,Himachal Pradesh,2016-17,Shimla,Shakti Singh S/o Late Sh Chunji Ram Soni,"Village Shalavat, Post Summerkot, Tehsil Rohru, Distt. Shimla -171207 (HP)",23.0,0.0,NHB,Completed,POST HARVEST INFRASTRUCTUREGRADING PACKING UNITNA0.06ACRE
156,157,02AHP0004118,Himachal Pradesh,2016-17,Kullu,Shobha Ram S/o Late Sh Sharu Ram,"Village & Post Chowai, Tehsil Anni, Distt. Kullu (HP) -172032.",18.75,0.0,NHB,Completed,POST HARVEST INFRASTRUCTUREGRADING PACKING UNITNA0.06ACRE
157,158,02AHP0004089,Himachal Pradesh,2016-17,Shimla,Inder Singh Manta,"Village- Kaina, Taluka- Jubbal, Distt.- Shimla (Himachal Pradesh)",18.75,8.45,NHB,Completed,POST HARVEST INFRASTRUCTUREGRADING PACKING UNITNA0.00NOT GIVEN
158,159,02AHP0004092,Himachal Pradesh,2016-17,Shimla,Jagat Ram Chauhan,"Village- Santari, Taluka- Kotkahi , Distt.- Shimla (Himachal Pradesh)",18.75,8.88,NHB,Completed,POST HARVEST INFRASTRUCTUREGRADING PACKING UNITNA0.00NOT GIVEN
159,160,02AHP0004493,Himachal Pradesh,2016-17,Kinnaur,Sh. Kundan Lal,"Kasra No.117, Village Chansu Khas , Tehsil Sangla Distt Kinnaur",4.0,1.6,NHB,Completed,POST HARVEST INFRASTRUCTUREPACK HOUSENA0.01ACRE
160,161,02AHP0004505,Himachal Pradesh,2016-17,Kinnaur,Sh. Satish Kumar,"Khasra No. 490, Village Chansukhas, PO Sangla ,Tehsil Sangla & Distt Kinnaur (HP)",23.0,10.09,NHB,Completed,POST HARVEST INFRASTRUCTUREGRADING PACKING UNITNA0.06ACRE
161,162,02AHP0004123,Himachal Pradesh,2017-18,Shimla,Amrit Singh S/o Sh Gyan Singh,"Village & Post Tikkari Mohan Denbadi, Tehsil Chirgaon, Distt. Shimla (HP) -171208",23.0,11.03,NHB,Completed,POST HARVEST INFRASTRUCTUREGRADING PACKING UNITNA0.03ACRE
162,163,02AHP0004156,Himachal Pradesh,2017-18,Shimla,Bhagwan Singh,Vill- Dharmara P.O-Jharag Tehsil- Jubbal Distt-Shimla(HP)-171206,13.25,6.33,NHB,Completed,POST HARVEST INFRASTRUCTUREGRADING PACKING UNITNA0.03ACRE
163,164,02AHP0004388,Himachal Pradesh,2017-18,Shimla,Bir Singh,S/o Sh. Padam Singh Village & Po Arhal tehsil Rohroo Distt Shimla 9816271382,4.0,2.0,NHB,Completed,POST HARVEST INFRASTRUCTUREGRADING PACKING UNITNA0.01ACRE
164,165,02AHP0004368,Himachal Pradesh,2017-18,Shimla,Birender Bashata,Vill -Shilladash P.O Larot Tehsil-Chirgaon Distt-ShimlaHP-171208,18.75,8.36,NHB,Completed,POST HARVEST INFRASTRUCTUREGRADING PACKING UNITNA0.06ACRE
165,166,02AHP0004124,Himachal Pradesh,2017-18,Shimla,Jeet Ram S/o Sh Laxmi Chand,"Village-Karal, Post Nagan, Tehsil Kotkhai, Distt. Shimla (HP)-171203",17.38,9.39,NHB,Completed,POST HARVEST INFRASTRUCTUREGRADING PACKING UNITNA0.06ACRE
166,167,02AHP0004129,Himachal Pradesh,2017-18,Shimla,Kuldeep Singh S/o Lt. Sh Kedar Singh,"VIllage- Doja, Post- Madhawani, Tehsil- Kumarsain, Distt.-Shimla (HP) -172029.",18.75,5.67,NHB,Completed,POST HARVEST INFRASTRUCTUREGRADING PACKING UNITNA0.01ACRE
167,168,02AHP0004380,Himachal Pradesh,2017-18,Shimla,Mast Ram Sharma,Vill-Didi P.o-Mahsau tehsil _kotkhai Distt Shimla HP-171202,4.0,2.0,NHB,Completed,POST HARVEST INFRASTRUCTUREGRADING PACKING UNITNA0.01ACRE
168,169,02AHP0004153,Himachal Pradesh,2017-18,Shimla,Pravesh KumarS/o Meena Ram,Village-Kheksu Mohal Dalash(Sui Dhar) Tehsil- Anni Distt-Kullu (HP),12.8,6.29,NHB,Completed,POST HARVEST INFRASTRUCTUREGRADING PACKING UNITNA0.02ACRE
169,170,02AHP0004294,Himachal Pradesh,2017-18,Shimla,Sh Jai Singh S/o Laxmi Nand,"Vill-Mandharli, P.O Karasa Tehsil Rohru Distt Shimla-171207",18.75,4.06,NHB,Completed,POST HARVEST INFRASTRUCTUREGRADING PACKING UNITNA0.60ACRE
170,171,02AHP0004200,Himachal Pradesh,2017-18,Shimla,Sh. Amar Singh,"Khasra No. 909/1/1, Village Melthi PO Pujarali No.-2, Tehsil Rohru Distt. Shimla -171205 (HP)",23.0,9.65,NHB,Completed,POST HARVEST INFRASTRUCTUREGRADING PACKING UNITNA0.06ACRE
171,172,02AHP0004462,Himachal Pradesh,2017-18,Shimla,Sh. Baldev Singh,"Khasra No 223, Village Shawala PO Mahasu Tehsil Tikker Distt Shimla (HP)",4.0,2.0,NHB,Completed,POST HARVEST INFRASTRUCTUREGRADING PACKING UNITNA0.01ACRE
172,173,02AHP0004192,Himachal Pradesh,2017-18,Shimla,Sh. Chet Ram,"Village Areog, PO Rawalakiar, Tehsil Kotkhai, Distt. Shimla (HP).",12.39,5.59,NHB,Completed,POST HARVEST INFRASTRUCTUREGRADING PACKING UNITNA0.03ACRE
173,174,02AHP0004285,Himachal Pradesh,2017-18,Shimla,Sh. Devinder Singh Thakur,"Village Munish, PO Munish Bhali Tehsil Rampur Distt. Shimla -172022 (HP)",21.32,10.2,NHB,Completed,POST HARVEST INFRASTRUCTUREGRADING PACKING UNITNA0.06ACRE
174,175,02AHP0004429,Himachal Pradesh,2017-18,Kullu,Sh. Jalap Ram,"Khasra No 1037, Village Jairy Mauja karana, Tehsil Anni, Distt Kullu Himachal Pradesh",4.0,2.0,NHB,Completed,POST HARVEST INFRASTRUCTUREGRADING PACKING UNITNA0.01ACRE
175,176,02AHP0004239,Himachal Pradesh,2017-18,Shimla,Sh. Kanwar Someshwar Singh,"Village khanog, PO Chalnair Tehsil Kotkhai Distt. Shimla (HP)",19.38,8.41,NHB,Completed,POST HARVEST INFRASTRUCTUREGRADING PACKING UNITNA0.06ACRE
176,177,02AHP0004224,Himachal Pradesh,2017-18,Shimla,Sh. Karam Chand,"Village Brall, PO Jharage Tehsil Rohroo Distt. Shimla (HP)",23.0,10.05,NHB,Completed,POST HARVEST INFRASTRUCTUREGRADING PACKING UNITNA0.06ACRE
177,178,02AHP0004425,Himachal Pradesh,2017-18,Shimla,Sh. Kewal Ram,"Khasra No 644, Village Kalyawag Mauja Nawar , PO Sarog , Tehsil Theog & Distt Shimla",4.0,2.0,NHB,Completed,POST HARVEST INFRASTRUCTUREGRADING PACKING UNITNA0.01ACRE
178,179,02AHP0004435,Himachal Pradesh,2017-18,Shimla,Sh. Raj Kamal,"Khasra No.414/1, Village Siao, PO Pujarli No.4, teshil Rohroo Distt Shimla(HP) 171207",18.75,8.2,NHB,Completed,POST HARVEST INFRASTRUCTUREGRADING PACKING UNITNA0.06ACRE
179,180,02AHP0004430,Himachal Pradesh,2017-18,Shimla,Sh. Rajinder,"Khasra No.52/1, Village Banogra, PO Bakhol, Tehsil Shimla Distt Shimla HP",4.0,2.0,NHB,Completed,POST HARVEST INFRASTRUCTUREGRADING PACKING UNITNA0.01ACRE
180,181,02AHP0004345,Himachal Pradesh,2017-18,Shimla,Sh. Roshan Lal,Village Balog PO Throla Taluka Kotkhai District Shimla,23.0,9.79,NHB,Completed,POST HARVEST INFRASTRUCTUREGRADING PACKING UNITNA0.06ACRE
181,182,02AHP0004402,Himachal Pradesh,2017-18,Shimla,Sh. Roshan Singh,"Village Jangla , tehsil Chirgaon Distt Shimla Himachl Pradesh",13.75,5.85,NHB,Completed,POST HARVEST INFRASTRUCTUREGRADING PACKING UNITNA0.06ACRE
182,183,02AHP0004465,Himachal Pradesh,2017-18,Shimla,Sh. Sandeep Dharmaik,"Khasra No 191, Village Shawala PO Mahasu tehsil Tikker Distt Shimla (HP)",4.0,2.0,NHB,Completed,POST HARVEST INFRASTRUCTUREGRADING PACKING UNITNA0.01ACRE
183,184,02AHP0004392,Himachal Pradesh,2017-18,Shimla,Sh. Sohan lal Sharma,village Bakhrala PORatnari Tehsil Kotkhai Distt Shimla HP,21.65,9.86,NHB,Completed,POST HARVEST INFRASTRUCTUREGRADING PACKING UNITNA0.06ACRE
184,185,02AHP0004276,Himachal Pradesh,2017-18,Shimla,Sh. Surinder Dengta S/o Sh. B.S. Chauhan,"Village Koti, PO Kiari Tehsil Kotkhai Distt. Shimla -171204 (HP)",13.25,5.62,NHB,Completed,POST HARVEST INFRASTRUCTUREGRADING PACKING UNITNA0.03ACRE
185,186,02AHP0004464,Himachal Pradesh,2017-18,Shimla,Smt Kusum Lata,"Khasra No 181 Village Didi, PO Mahasu tehsil Kotkhai Distt Shimla (HP)",4.0,2.0,NHB,Completed,POST HARVEST INFRASTRUCTUREGRADING PACKING UNITNA0.01ACRE
186,187,02AHP0004379,Himachal Pradesh,2017-18,Shimla,Bhim Sen S/o Ses Ram,Vill-Tipper P.O- Kothi Mohal Tehsil Anni Distt Kullu HP-172026,18.75,8.61,NHB,Completed,POST HARVEST INFRASTRUCTUREGRADING PACKING UNITNA0.06ACRE
187,188,02AHP0004342,Himachal Pradesh,2017-18,Shimla,GopiNand Larzoo,Village Bonda PO Bonda Tehsil Rampur District Shimla HP,21.32,10.16,NHB,Completed,POST HARVEST INFRASTRUCTUREGRADING PACKING UNITNA0.06ACRE
188,189,02AHP0004096,Himachal Pradesh,2017-18,Shimla,Kailash Singh,"Village- Jitata, Taluka- Chirgaon, Distt.- Shimla (Himachal Pradesh)",37.96,19.83,NHB,Completed,POST HARVEST INFRASTRUCTUREGRADING PACKING UNITNA0.00NOT GIVEN
189,190,02AHP0004475,Himachal Pradesh,2017-18,Shimla,Roshan Lal,"Khasra no 1544/1537/176 Village Jugni , PO Dansa Tehsil Rampur Distt Shimla(HP)",21.42,9.99,NHB,Completed,POST HARVEST INFRASTRUCTUREGRADING PACKING UNITNA0.06ACRE
190,191,02AHP0004442,Himachal Pradesh,2017-18,Kullu,Sh. Amar Chand,"Khasra No 5342/2436, Village tihani , Po Sush Mohal Dingidhar, Tehsil Anni Distt Kullu",13.25,5.5,NHB,Completed,POST HARVEST INFRASTRUCTUREGRADING PACKING UNITNA0.03ACRE
191,192,02AHP0004254,Himachal Pradesh,2017-18,Mandi,Sh. Mansa Ram S/o Sh. Tohnu,Village Chauridhar Tehsil Karsog Distt. Mandi -171301(HP),23.0,10.04,NHB,Completed,POST HARVEST INFRASTRUCTUREGRADING PACKING UNITNA0.06ACRE
192,193,02AHP0004272,Himachal Pradesh,2017-18,Shimla,Sh. Naresh Nagta,Village Bhanwa ( Shekhal) Tehsil Jubbal Distt. Shimla (HP),23.0,10.07,NHB,Completed,POST HARVEST INFRASTRUCTUREGRADING PACKING UNITNA0.06ACRE
193,194,02AHP0004431,Himachal Pradesh,2017-18,Kullu,Sh. Ved Parkash,"Khasra No 1174, Village Jairy , PO Karana, Tehsil Anni Distt Kullu Himachal Pradesh",13.25,5.94,NHB,Completed,POST HARVEST INFRASTRUCTUREGRADING PACKING UNITNA0.03ACRE
194,195,02AHP0004177,Himachal Pradesh,2017-18,Shimla,Smt. Leela Devi,"Kh. No. 1395/1275,1276,1277, at Mohal Laharoo, Village Gartola, Tehsil Nankhadi, District Shimla, (HP)-171213",23.0,10.85,NHB,Completed,POST HARVEST INFRASTRUCTUREGRADING PACKING UNITNA0.06ACRE
195,196,02AHP0004408,Himachal Pradesh,2017-18,Shimla,Anant Ram,"Khasra No. 850& 854, Village Sumni , PO Kotla , Taluka Kumarsain Distt Shimla (HP)- 172024",23.0,10.09,NHB,Completed,POST HARVEST INFRASTRUCTUREGRADING PACKING UNITNA0.06ACRE
196,197,02AHP0004253,Himachal Pradesh,2017-18,Shimla,Sh. Rajinder Singh,VPO Ratnari Tehsil Kotkhai Distt. Shimla -171225 (HP),10.35,4.02,NHB,Completed,POST HARVEST INFRASTRUCTUREGRADING PACKING UNITNA0.06ACRE
197,198,02AHP0004035,Himachal Pradesh,2017-18,Shimla,Prem Kumar Kainthla,"Village- Jarol Tikkar, Taluka- Kumarsain, Dist.- Shimla (Himachal Pradesh)",56.6,24.65,NHB,Completed,POST HARVEST INFRASTRUCTUREGRADING PACKING UNITNA0.00NOT GIVEN
198,199,02AHP0004165,Himachal Pradesh,2017-18,Shimla,Surinder Singh Chandel,"Village- Barar P.O.- Shilaroo, Taluka- Theog, Distt.- Shimla (Himachal Pradesh)",42.61,12.38,NHB,Completed,POST HARVEST INFRASTRUCTUREREFER VANNA0.00NOT GIVEN
199,200,02AHP0003992,Himachal Pradesh,2017-18,Shimla,"Tara Chand, S/o-Late Shri Hari Dutt","Village-Phirnu, Taluka-Kumarsain, Dist-Shimla (Himachal Pradesh)",12.0,4.78,NHB,Completed,POST HARVEST INFRASTRUCTUREGRADING PACKING UNITNA0.00NOT GIVEN
200,201,02AHP0004055,Himachal Pradesh,2017-18,Shimla,Gain Chand,"Village- Rajtri, Taluka- Kotkhai, Dist.- Shimla (Himachal Pradesh)",17.31,8.64,NHB,Completed,POST HARVEST INFRASTRUCTUREGRADING PACKING UNITNA0.00NOT GIVEN
201,202,02AHP0003969,Himachal Pradesh,2017-18,Shimla,Sanjeev Kumar Chauhan,"Village-Sandh, Taluka-Nankhari, Dist-Shimla (Himachal Pradesh)",23.4,8.08,NHB,Completed,POST HARVEST INFRASTRUCTUREGRADING PACKING UNITNA0.00NOT GIVEN
202,203,02AHP0004510,Himachal Pradesh,2017-18,Shimla,Balak Ram,Village-Shilla P.O-Mahog Tehsil-Theog Distt Shimla (HP)-171212,177.2,8.41,NHB,Completed,POST HARVEST INFRASTRUCTUREGRADING PACKING UNITNA0.60ACRE
203,204,02AHP0004381,Himachal Pradesh,2017-18,Shimla,Balbir Singh,Vill & Po Panog Tehsil Kotkhai Distt Shimla,23.0,10.08,NHB,Completed,POST HARVEST INFRASTRUCTUREGRADING PACKING UNITNA0.06ACRE
204,205,02AHP0004452,Himachal Pradesh,2017-18,Shimla,Balwant Singh &Surinder Dutt,Vill- Gyaoo P.O-Nakowra Tehsil Chopal District Shimla HP-171211,17.38,7.75,NHB,Completed,POST HARVEST INFRASTRUCTUREGRADING PACKING UNITNA0.06ACRE
205,206,02AHP0004448,Himachal Pradesh,2017-18,Kinnaur,Dev Singh Negi,"Village-Yangpa, PO-Bhaba Tehsil -Nichar District-Kinnour (HP)",21.32,10.38,NHB,Completed,POST HARVEST INFRASTRUCTUREGRADING PACKING UNITNA0.06ACRE
206,207,02AHP0004466,Himachal Pradesh,2017-18,Shimla,Gian Singh,Khasra No 56/1 Village Seiro and Mohal Mawag teh Theog Distt Shimla,13.25,2.9,NHB,Completed,POST HARVEST INFRASTRUCTUREGRADING PACKING UNITNA0.06ACRE
207,208,02AHP0004229,Himachal Pradesh,2017-18,Shimla,Sh. Bishan Singh,Village & PO Mandhol Tehsil Jubbal Distt. Shimla-171215 (HP),13.25,5.75,NHB,Completed,POST HARVEST INFRASTRUCTUREGRADING PACKING UNITNA0.03ACRE
208,209,02AHP0004490,Himachal Pradesh,2017-18,Kinnaur,Sh. Daulat Ram,"Khasra No. 501/477/411, Village Ponda tehsil Nichar Distt Kinnaur (HP)",18.75,7.84,NHB,Completed,POST HARVEST INFRASTRUCTUREGRADING PACKING UNITNA0.06ACRE
209,210,02AHP0004434,Himachal Pradesh,2017-18,Shimla,Sh. Devi Singh,"Khasra No. 123/1, Village Sansog, tehsil Jubbal Distt Shimla ( HP)",23.0,10.08,NHB,Completed,POST HARVEST INFRASTRUCTUREGRADING PACKING UNITNA0.06ACRE
210,211,02AHP0004286,Himachal Pradesh,2017-18,Shimla,Sh. Giani Lal Sharma S/o Lt. Sh. Rattan Dass,"Village Chanderpur, PO Hotkoti Tehsil Jubbal Distt. Shimla -171206 (HP)",18.75,8.22,NHB,Completed,POST HARVEST INFRASTRUCTUREGRADING PACKING UNITNA0.06ACRE
211,212,02AHP0004183,Himachal Pradesh,2017-18,Shimla,Sh. Hari Chand Tanta,"Village Mehanan, PO Dochi, Tehsil Jubbal, Distt. Shimla (HP)-171205",18.75,8.92,NHB,Completed,POST HARVEST INFRASTRUCTUREGRADING PACKING UNITNA0.06ACRE
212,213,02AHP0004407,Himachal Pradesh,2017-18,Shimla,Sh. Jitender Kumar,"Khasra no. 465/348 , Village Naksetli PO Dharara Sub Tehsil Tikkar , Taluka Rohru Distt Shimla (HP) 171203",13.75,5.99,NHB,Completed,POST HARVEST INFRASTRUCTUREGRADING PACKING UNITNA0.03ACRE
213,214,02AHP0004390,Himachal Pradesh,2017-18,Shimla,Sh. Laxmi Singh,Village Sundali Po Jubbal Teshsil Jubbal District Shimla HP 171205,23.0,10.44,NHB,Completed,POST HARVEST INFRASTRUCTUREGRADING PACKING UNITNA0.03ACRE
214,215,02AHP0004437,Himachal Pradesh,2017-18,Shimla,Sh. Sunil Kumar,"Khasra No 503, Village Bakhol, Tehsil Kotkhai Distt Shimla -171202 ( HP)",4.0,1.87,NHB,Completed,POST HARVEST INFRASTRUCTUREGRADING PACKING UNITNA0.01ACRE
215,216,02AHP0004433,Himachal Pradesh,2017-18,Shimla,Sh. Surender Singh,"Khasra No, 752 & 753, Village Chandi, PO Deha, Tehsil Theog Distt Shimla (HP)",23.0,10.25,NHB,Completed,POST HARVEST INFRASTRUCTUREGRADING PACKING UNITNA0.06ACRE
216,217,02AHP0004266,Himachal Pradesh,2017-18,Shimla,Sh. Surinder Prakash,"Village Sundla, PO Makrog Tehsil Chaupal Distt. Shimla -171211 (HP)",17.38,7.99,NHB,Completed,POST HARVEST INFRASTRUCTUREGRADING PACKING UNITNA0.06ACRE
217,218,02AHP0004497,Himachal Pradesh,2017-18,Kullu,Sh. Tej Ram Azad,"Khasra No. 2801/2659, Village Showad, Mohal Shillhi, Tehsil Anni Distt Kullu",23.0,8.44,NHB,Completed,POST HARVEST INFRASTRUCTUREGRADING PACKING UNITNA0.03ACRE
218,219,02AHP0004196,Himachal Pradesh,2017-18,Shimla,Sh. Vinod Sharma,"Village Mohal Ghayalat, PO Chambi Tehsil Chopal, Distt. Shimla (HP)-171211",23.0,10.05,NHB,Completed,POST HARVEST INFRASTRUCTUREGRADING PACKING UNITNA0.06ACRE
219,220,02AHP0004399,Himachal Pradesh,2017-18,Shimla,Sh.Ram lal,Village Shekhal tehsil Jubbal Distt Shimla HP,18.75,7.81,NHB,Completed,POST HARVEST INFRASTRUCTUREGRADING PACKING UNITNA0.06ACRE
220,221,02AHP0004457,Himachal Pradesh,2017-18,Shimla,Shri Sunder Singh,"Khasra No 37, Village Kalantu, PO Mohari Tehsil Theog Distt Shimla (HP)",18.75,8.23,NHB,Completed,POST HARVEST INFRASTRUCTUREGRADING PACKING UNITNA0.06ACRE
221,222,02AHP0004511,Himachal Pradesh,2017-18,Kinnaur,"Smt,Chander Giani W/o Sh Ram Chander","VPO, Rarang Tehsil- Moorang District KinnaurHp-1712116",13.25,5.87,NHB,Completed,POST HARVEST INFRASTRUCTUREGRADING PACKING UNITNA0.35ACRE
222,223,02AHP0004491,Himachal Pradesh,2017-18,Kinnaur,Vikram Singh,"Khasra No . 152, Village Roghi, tehsil Kalpa Distt Kinnaur. (HP). 172108",17.37,8.36,NHB,Completed,POST HARVEST INFRASTRUCTUREGRADING PACKING UNITNA0.06ACRE
223,224,02AHP0CS000058,Himachal Pradesh,2018-19,Shimla,Bija Poultry Farm Pvt. Ltd.,"Village-Rewali, Taluka-Kumarsain, Dist-Shimla (Himachal Pradesh)",4316.85,442.31,NHB,Completed,COLD / CA STORAGECA STORAGE225175.54MT
224,225,02AHP0004203,Himachal Pradesh,2018-19,Shimla,Sh. Madan Mohan Shaktan,"Village Jakhor, PO Mandal Tehsil Jubbal Distt. Shimla (HP)",13.25,3.1,NHB,Completed,POST HARVEST INFRASTRUCTUREGRADING PACKING UNITNA0.03ACRE
225,226,02AHP0004275,Himachal Pradesh,2018-19,Shimla,Sh. Sanjeev Sharma & Sh. Rajeev Sharma,"Village Kunial (Chivdi), PO Kelvi Tehsil Theog Distt. Shimla (HP)",23.7,10.29,NHB,Completed,POST HARVEST INFRASTRUCTUREGRADING PACKING UNITNA0.08ACRE
226,227,02AHP0004436,Himachal Pradesh,2018-19,Shimla,Sh.Devinder Singh,"Khasra No 285, Village Deem, Tehsil Jubbal Distt Shimla-171205 ( HP)",23.0,9.36,NHB,Completed,POST HARVEST INFRASTRUCTUREGRADING PACKING UNITNA0.06ACRE
227,228,02AHP0004419,Himachal Pradesh,2018-19,Shimla,Smt. Naina Sharma,"Khasra No 33, Village Kuddu, tehsil Jubbal Distt Shimla (HP)171205",23.0,9.91,NHB,Completed,POST HARVEST INFRASTRUCTUREGRADING PACKING UNITNA0.06ACRE
228,229,02AHP0004525,Himachal Pradesh,2018-19,Kinnaur,Sh. Inder Prakash S/o late. Sh.Rattan Singh,Village-Giaboung tehsil -Pooh  District -Kinnour HP-172110,23.0,9.09,NHB,Completed,POST HARVEST INFRASTRUCTUREGRADING PACKING UNITNA0.06ACRE
229,230,02AHP0CS000057,Himachal Pradesh,2018-19,Shimla,Shivin C.A. Store,"Village- Rohru, Taluka- Rohru, Distt.- Shimla (Himachal Pradesh)",1488.22,455.64,NHB,Completed,COLD / CA STORAGECA STORAGE245403.00MT
230,231,02AHP0004450,Himachal Pradesh,2019-20,Shimla,Rajinder S/o Keshav Ram,Vill- Jarol Tehsil Kumarsain District Shimla (HP),13.25,5.48,NHB,Completed,POST HARVEST INFRASTRUCTUREGRADING PACKING UNITNA0.03ACRE
231,232,02AHP0004523,Himachal Pradesh,2019-20,Kullu,Sh. Mohar Singh,"Khasra no. Village Guhanti Mohal Majhades, Tehsil Anni Ditt Kullu (HP)",4.0,2.0,NHB,Completed,POST HARVEST INFRASTRUCTUREPACK HOUSENA0.01ACRE
232,233,02AHP0004323,Himachal Pradesh,2019-20,Shimla,Sh. Rajesh Chauhan S/o Sh. Layak Ram,"Vill Dakhal, PO Kiari, Teh. Kotkhai, Distt., Shimla HP",13.25,5.43,NHB,Completed,POST HARVEST INFRASTRUCTUREGRADING PACKING UNITNA0.03ACRE
233,234,02AHP0004449,Himachal Pradesh,2019-20,Shimla,Suresh Kumar S/o Sh Het Ram,Vill- Dhansar P.O Jhalta Tehsil Jubbal District Shimla HP-171216,18.75,8.32,NHB,Completed,POST HARVEST INFRASTRUCTUREGRADING PACKING UNITNA0.06ACRE
234,235,02AHP0004513,Himachal Pradesh,2019-20,Kullu,Shri Theva Ram,"Khasra no 4076, Village Shai, PO Anni Mohal Franali , Tehsil Anni & Distt Kullu (HP).",4.0,1.94,NHB,Completed,POST HARVEST INFRASTRUCTUREPACK HOUSENA0.01ACRE
235,236,02AHP0004344,Himachal Pradesh,2020-21,Shimla,Sh. Durga Singh,Village Tarapur PO Deha Taluka Theog District Shimla HP,23.0,5.99,NHB,Completed,POST HARVEST INFRASTRUCTUREGRADING PACKING UNITNA0.06ACRE
236,237,02AHP0004191,Himachal Pradesh,2020-21,Shimla,Sh. Ramesh Chand,"Vill Shahedri, PO Kangal, Tehsil Kumharsain, Distt. Shimla (HP)-171019",21.56,9.63,NHB,Completed,POST HARVEST INFRASTRUCTUREGRADING PACKING UNITNA0.06ACRE
237,238,02AHP0004222,Himachal Pradesh,2020-21,Shimla,Sh. Shamsher Singh,"Village Baral, PO Jharag Tehsil Rohroo Distt. Shimla-171206 (HP)",23.0,10.62,NHB,Completed,POST HARVEST INFRASTRUCTUREGRADING PACKING UNITNA0.06ACRE
238,239,02AHP0CS000032,Himachal Pradesh,2020-21,Una,Zira Foods,"Village-Tahliwal, Taluka-Haroli, Dist-Una (Himachal Pradesh)",1672.15,363.99,NHB,Completed,COLD / CA STORAGECA STORAGE246368.00MT
239,240,02AHP0004415,Himachal Pradesh,2020-21,Shimla,Vinod Kumar,"Khasra No, 896 Village Tikkri, Tehsil Rohru Distt Shimla (HP).",18.24,7.82,NHB,Completed,POST HARVEST INFRASTRUCTUREGRADING PACKING UNITNA0.06ACRE
240,241,02AHP0004372,Himachal Pradesh,2020-21,Shimla,Smt Kanta Devi,VPO-Tikkari Tehsil Chirgaon Distt Shimla HP-171208,23.0,10.19,NHB,Completed,POST HARVEST INFRASTRUCTUREGRADING PACKING UNITNA0.06ACRE
241,242,02AHP0004375,Himachal Pradesh,2020-21,Shimla,Amarsain S/o Late Sh Saran,Vill-Denwari P.O-Khabal Tehsil-Chirgaon Distt ShimlaHP-171208,23.0,10.17,NHB,Completed,POST HARVEST INFRASTRUCTUREGRADING PACKING UNITNA0.06ACRE
